{"Loss/Validation/f1score":0.7272152304649353,"Loss/Training/recall":0.9476646184921265,"Loss/Training/f1score":0.9401838779449463,"epoch":2,"Loss/Training/loss":0.14144453406333923,"Loss/Training/bacc":0.9476646184921265,"_step":1,"Loss/Validation/bacc":0.7222074866294861,"Loss/Validation/loss":0.07444190233945847,"Loss/Validation/recall":0.7222074866294861,"_runtime":16744.895890817,"Loss/Validation/mcc":0.0025261896662414074,"Loss/Validation/auroc":0.0005768701666966081,"_wandb":{"runtime":30944},"Loss/Training/mcc":0.9451906085014343,"Loss/Training/precision":0.9474307894706726,"trainer/global_step":78587,"Loss/Training/auroc":0.9751051068305969,"_timestamp":1.7519281192380505e+09,"Loss/Validation/precision":0.7325935363769531}