{"Loss/Validation/mcc":0.0025026402436196804,"_runtime":16530.900406908,"Loss/Validation/f1score":0.709880530834198,"Loss/Training/loss":0.16108828783035278,"Loss/Validation/auroc":0.0005768701666966081,"Loss/Training/recall":0.9405012726783752,"_timestamp":1.7519031342263768e+09,"trainer/global_step":52391,"_step":1,"Loss/Validation/loss":0.10397915542125702,"Loss/Training/precision":0.9407117962837219,"Loss/Validation/bacc":0.7043274641036987,"Loss/Training/auroc":0.9746018648147583,"_wandb":{"runtime":16550},"Loss/Training/f1score":0.9322906732559204,"Loss/Training/bacc":0.9405012726783752,"Loss/Training/mcc":0.9375948905944824,"Loss/Validation/precision":0.7160182595252991,"Loss/Validation/recall":0.7043274641036987,"epoch":1}