{"Loss/Training/bacc":0.9520793557167053,"Loss/Validation/bacc":0.6993303894996643,"_runtime":16972.168065973,"Loss/Training/loss":0.13102756440639496,"_wandb":{"runtime":18649},"Loss/Training/recall":0.9520793557167053,"trainer/global_step":104783,"Loss/Training/f1score":0.9453121423721313,"Loss/Validation/f1score":0.7049757242202759,"Loss/Validation/precision":0.711036205291748,"Loss/Training/mcc":0.9495654702186584,"Loss/Training/precision":0.9521709084510803,"Loss/Training/auroc":0.9755331873893738,"Loss/Validation/loss":0.08406686782836914,"Loss/Validation/mcc":0.002577234758064151,"Loss/Validation/auroc":0.0005768701666966081,"_step":1,"_timestamp":1.7519641037519438e+09,"Loss/Validation/recall":0.6993303894996643,"epoch":3}