{"_step":1,"Loss/Validation/precision":0.6780490279197693,"trainer/global_step":26195,"Loss/Training/f1score":0.9009091854095459,"Loss/Training/mcc":0.907660961151123,"_runtime":16534.653122807,"Loss/Validation/f1score":0.6710250973701477,"_timestamp":1.7518832357968714e+09,"Loss/Validation/recall":0.6645790338516235,"Loss/Validation/loss":0.10309303551912308,"Loss/Training/loss":0.23649555444717407,"_wandb":{"runtime":16565},"epoch":0,"Loss/Training/precision":0.9129617214202881,"Loss/Validation/mcc":0.002506989985704422,"Loss/Training/recall":0.9124492406845093,"Loss/Validation/bacc":0.6645790338516235,"Loss/Training/auroc":0.9725774526596069,"Loss/Training/bacc":0.9124492406845093,"Loss/Validation/auroc":0.0005767930415458977}